Workbook

Sheet データ
A1: 日経225先物 Heat / Breadth 日次データ（貼り付け用）
A2: ※このシートに日々の新しい行を追記してください（Heat=新高値銘柄数, Breadth=新安値銘柄数）
A3: 46125 | B3: 73 | C3: 49 | D3: 56200 | E3: 56870 | F3: 56150 | G3: 56580 | H3: 56710 | I3: 57750 | J3: 56410 | K3: 57700
A4: 46126 | B4: 94 | C4: 39 | D4: 57670 | E4: 58090 | F4: 57460 | G4: 58030 | H4: 58240 | I4: 58840 | J4: 57910 | K4: 58830
A5: 46127 | B5: 115 | C5: 38 | D5: 58700 | E5: 58900 | F5: 58140 | G5: 58360 | H5: 58420 | I5: 58630 | J5: 58150 | K5: 58590
A6: 46128 | B6: 82 | C6: 28 | D6: 58680 | E6: 59800 | F6: 58580 | G6: 59590 | H6: 59480 | I6: 59490 | J6: 58940 | K6: 59390
A7: 46129 | B7: 55 | C7: 22 | D7: 59380 | E7: 59480 | F7: 58590 | G7: 58800 | H7: 58910 | I7: 60130 | J7: 58780 | K7: 59690
A8: 46132 | B8: 68 | C8: 26 | D8: 58990 | E8: 59260 | F8: 58830 | G8: 58900 | H8: 58810 | I8: 59370 | J8: 58700 | K8: 59320
A9: 46133 | B9: 82 | C9: 35 | D9: 59270 | E9: 59710 | F9: 59100 | G9: 59340 | H9: 59390 | I9: 59450 | J9: 58340 | K9: 58850
A10: 46134 | B10: 48 | C10: 51 | D10: 58960 | E10: 59800 | F10: 58950 | G10: 59800 | H10: 59810 | I10: 59920 | J10: 59440 | K10: 59860
A11: 46135 | B11: 39 | C11: 125 | D11: 59780 | E11: 60270 | F11: 58700 | G11: 59140 | H11: 59200 | I11: 59500 | J11: 58360 | K11: 58880
A12: 46136 | B12: 47 | C12: 120 | D12: 59220 | E12: 59820 | F12: 59160 | G12: 59720 | H12: 59760 | I12: 60140 | J12: 59420 | K12: 60140
A13: 46139 | B13: 60 | C13: 144 | D13: 59950 | E13: 60970 | F13: 59670 | G13: 60240 | H13: 60340 | I13: 60640 | J13: 60010 | K13: 60200
A14: 46140 | B14: 58 | C14: 91 | D14: 60440 | E14: 60520 | F14: 59770 | G14: 60020 | H14: 60100 | I14: 60150 | J14: 58910 | K14: 59010
A15: 46141 | D15: 59290 | E15: 59550 | F15: 59140 | G15: 59350 | H15: 59170 | I15: 59410 | J15: 58630 | K15: 58670
A16: 46142 | B16: 74 | C16: 130 | D16: 59200 | E16: 59600 | F16: 58990 | G16: 59530 | H16: 59570 | I16: 59890 | J16: 58860 | K16: 59720
A17: 46143 | B17: 60 | C17: 146 | D17: 59700 | E17: 59880 | F17: 59420 | G17: 59420 | H17: 59380 | I17: 59610 | J17: 59110 | K17: 59300
A18: 46146 | D18: 59660 | E18: 60010 | F18: 59370 | G18: 59840 | H18: 59840 | I18: 60040 | J18: 59150 | K18: 59300
A19: 46147 | D19: 59460 | E19: 59730 | F19: 59330 | G19: 59670 | H19: 59750 | I19: 60750 | J19: 59720 | K19: 60700
A20: 46148 | D20: 61080 | E20: 61440 | F20: 61000 | G20: 61330 | H20: 61320 | I20: 62370 | J20: 61320 | K20: 62190
A21: 46149 | B21: 162 | C21: 87 | D21: 61910 | E21: 63270 | F21: 61740 | G21: 63130 | H21: 63330 | I21: 63390 | J21: 62070 | K21: 62140
A22: 46150 | B22: 129 | C22: 85 | D22: 62190 | E22: 62860 | F22: 62020 | G22: 62840 | H22: 62880 | I22: 63760 | J22: 62670 | K22: 63760
A23: 46153 | B23: 198 | C23: 105 | D23: 63800 | E23: 63810 | F23: 62360 | G23: 62400 | H23: 62660 | I23: 62950 | J23: 62480 | K23: 62890
A24: 46154 | B24: 192 | C24: 128 | D24: 62890 | E24: 63260 | F24: 62200 | G24: 62660 | H24: 62620 | I24: 62740 | J24: 61800 | K24: 62510
A25: 46155 | B25: 128 | C25: 116 | D25: 62410 | E25: 63440 | F25: 62270 | G25: 63310 | H25: 63330 | I25: 63500 | J25: 62720 | K25: 63490
A26: 46156 | B26: 180 | C26: 222 | D26: 63530 | E26: 63860 | F26: 62660 | G26: 62720 | H26: 62680 | I26: 63050 | J26: 62550 | K26: 62850
A27: 46157 | B27: 151 | C27: 199 | D27: 63090 | E27: 63280 | F27: 61000 | G27: 62040 | H27: 62680 | I27: 63130 | J27: 62550 | K27: 63100
A28: 46160 | B28: 94 | C28: 274 | D28: 61660 | E28: 61820 | F28: 60420 | G28: 60660 | H28: 60850 | I28: 61840 | J28: 60830 | K28: 61410
A29: 46161 | B29: 109 | C29: 95 | D29: 61600 | E29: 61620 | F29: 60310 | G29: 60880 | H29: 61050 | I29: 61150 | J29: 59960 | K29: 60570
A30: 46162 | B30: 68 | C30: 202 | D30: 60850 | E30: 60850 | F30: 59340 | G30: 59700 | H30: 59820 | I30: 61560 | J30: 59820 | K30: 61220
A31: 46163 | B31: 115 | C31: 100 | D31: 61190 | E31: 62080 | F31: 61130 | G31: 61540 | H31: 61510 | I31: 62370 | J31: 61020 | K31: 62110
A32: 46164 | B32: 98 | C32: 108 | D32: 62080 | E32: 63500 | F32: 62080 | G32: 63340 | H32: 63310 | I32: 63810 | J32: 62860 | K32: 63280
... A71: 46219 | B71: 77 | C71: 10 | D71: 67770 | E71: 67870 | F71: 66580 | G71: 66840 | H71: 66500 | I71: 66930 | J71: 65730 | K71: 65920
A72: 46220 | B72: 40 | C72: 43 | D72: 65910 | E72: 65910 | F72: 62780 | G72: 64060 | H72: - | I72: - | J72: - | K72: -

Sheet HB分析
A1: Heat / Breadth 分析（直近60営業日レンジで正規化）
A2: ※ Heat正規化・Breadth正規化は「直近60営業日（データ不足時は取得可能な全期間）」の最大・最小で0〜25点化。Top Score = 天井（売り転換）警戒度、Bottom Score = 底（買い転換）警戒度。判定列は 6/19・6/22・6/23 の実データで検証した複合ルール（Heat≧100 かつ Heat前日比減少 かつ Breadth≧100 かつ Heat/Breadth比＜1.1）。
A3: =データ!A3 -> 46125 | B3: =IFERROR(IF(データ!B3="","",データ!B3),"") -> 73 | C3: =IFERROR(IF(データ!C3="","",データ!C3),"") -> 49 | D3: =IFERROR(B3-C3,"") -> 24 | E3: =IFERROR((B3-C3)/(B3+C3)*100,"") -> 19.672131 | H3: =IFERROR(B3/C3,"") -> 1.4897959 | I3: =IFERROR(25*(B3-MIN(INDEX($B$3:$B$72,MAX(3,ROW()-59)-3+1):B3))/(MAX(INDEX($B$3:$B$72,MAX(3,ROW()-59)-3+1):B3)-MIN(INDEX($B$3:$B$72,MAX(3,ROW()-59)-3+1):B3)),12.5) -> 12.5 | J3: =IFERROR(25*(C3-MIN(INDEX($C$3:$C$72,MAX(3,ROW()-59)-3+1):C3))/(MAX(INDEX($C$3:$C$72,MAX(3,ROW()-59)-3+1):C3)-MIN(INDEX($C$3:$C$72,MAX(3,ROW()-59)-3+1):C3)),12.5) -> 12.5 | K3: =IFERROR(25*(MAX(INDEX($C$3:$C$72,MAX(3,ROW()-59)-3+1):C3)-C3)/(MAX(INDEX($C$3:$C$72,MAX(3,ROW()-59)-3+1):C3)-MIN(INDEX($C$3:$C$72,MAX(3,ROW()-59)-3+1):C3)),12.5) -> 12.5 | L3: =IFERROR(25*(MAX(INDEX($B$3:$B$72,MAX(3,ROW()-59)-3+1):B3)-B3)/(MAX(INDEX($B$3:$B$72,MAX(3,ROW()-59)-3+1):B3)-MIN(INDEX($B$3:$B$72,MAX(3,ROW()-59)-3+1):B3)),12.5) -> 12.5 | M3: =IFERROR(I3+K3,"") -> 25 | N3: =IFERROR(L3+J3,"") -> 25 | O3: =IF(AND(ISNUMBER(B3),B3>=100),1,0) -> 0 | P3: =0 -> 0 | Q3: =IF(AND(ISNUMBER(C3),C3>=100),1,0) -> 0 | R3: =IF(AND(ISNUMBER(H3),H3<1.1),1,0) -> 0 | S3: =O3+P3+Q3+R3 -> 0 | T3: =IF(S3=4,"◎売り確定",IF(S3=3,"○警戒","-")) -> - | V3: =IF(AND(ISNUMBER(H3),H3<1),"転換","") | W3: =IF(T3="◎売り確定",3,IF(T3="○警戒",1,0)) -> 0 | X3: =IF(AND(ISNUMBER(N3),N3>=40),3,IF(AND(ISNUMBER(N3),N3>=32),1,0)) -> 0
A4: =データ!A4 -> 46126 | B4: =IFERROR(IF(データ!B4="","",データ!B4),"") -> 94 | C4: =IFERROR(IF(データ!C4="","",データ!C4),"") -> 39 | D4: =IFERROR(B4-C4,"") -> 55 | E4: =IFERROR((B4-C4)/(B4+C4)*100,"") -> 41.353383 | F4: =IFERROR((B4-B3)/B3,"") -> 0.28767123 | G4: =IFERROR((C4-C3)/C3,"") -> -0.20408163 | H4: =IFERROR(B4/C4,"") -> 2.4102564 | I4: =IFERROR(25*(B4-MIN(INDEX($B$3:$B$72,MAX(3,ROW()-59)-3+1):B4))/(MAX(INDEX($B$3:$B$72,MAX(3,ROW()-59)-3+1):B4)-MIN(INDEX($B$3:$B$72,MAX(3,ROW()-59)-3+1):B4)),12.5) -> 25 | J4: =IFERROR(25*(C4-MIN(INDEX($C$3:$C$72,MAX(3,ROW()-59)-3+1):C4))/(MAX(INDEX($C$3:$C$72,MAX(3,ROW()-59)-3+1):C4)-MIN(INDEX($C$3:$C$72,MAX(3,ROW()-59)-3+1):C4)),12.5) -> 0 | K4: =IFERROR(25*(MAX(INDEX($C$3:$C$72,MAX(3,ROW()-59)-3+1):C4)-C4)/(MAX(INDEX($C$3:$C$72,MAX(3,ROW()-59)-3+1):C4)-MIN(INDEX($C$3:$C$72,MAX(3,ROW()-59)-3+1):C4)),12.5) -> 25 | L4: =IFERROR(25*(MAX(INDEX($B$3:$B$72,MAX(3,ROW()-59)-3+1):B4)-B4)/(MAX(INDEX($B$3:$B$72,MAX(3,ROW()-59)-3+1):B4)-MIN(INDEX($B$3:$B$72,MAX(3,ROW()-59)-3+1):B4)),12.5) -> 0 | M4: =IFERROR(I4+K4,"") -> 50 | N4: =IFERROR(L4+J4,"") -> 0 | O4: =IF(AND(ISNUMBER(B4),B4>=100),1,0) -> 0 | P4: =IF(AND(ISNUMBER(B4),ISNUMBER(B3),B4<B3),1,0) -> 0 | Q4: =IF(AND(ISNUMBER(C4),C4>=100),1,0) -> 0 | R4: =IF(AND(ISNUMBER(H4),H4<1.1),1,0) -> 0 | S4: =O4+P4+Q4+R4 -> 0 | T4: =IF(S4=4,"◎売り確定",IF(S4=3,"○警戒","-")) -> - | U4: =IF(AND(ISNUMBER(D3),ISNUMBER(D4),D3>0,D4<=0),"転換","") | V4: =IF(AND(ISNUMBER(H4),H4<1),"転換","") | W4: =IF(T4="◎売り確定",3,IF(T4="○警戒",1,0)) -> 0 | X4: =IF(AND(ISNUMBER(N4),N4>=40),3,IF(AND(ISNUMBER(N4),N4>=32),1,0)) -> 0
A5: =データ!A5 -> 46127 | B5: =IFERROR(IF(データ!B5="","",データ!B5),"") -> 115 | C5: =IFERROR(IF(データ!C5="","",データ!C5),"") -> 38 | D5: =IFERROR(B5-C5,"") -> 77 | E5: =IFERROR((B5-C5)/(B5+C5)*100,"") -> 50.326797 | F5: =IFERROR((B5-B4)/B4,"") -> 0.22340426 | G5: =IFERROR((C5-C4)/C4,"") -> -0.025641026 | H5: =IFERROR(B5/C5,"") -> 3.0263158 | I5: =IFERROR(25*(B5-MIN(INDEX($B$3:$B$72,MAX(3,ROW()-59)-3+1):B5))/(MAX(INDEX($B$3:$B$72,MAX(3,ROW()-59)-3+1):B5)-MIN(INDEX($B$3:$B$72,MAX(3,ROW()-59)-3+1):B5)),12.5) -> 25 | J5: =IFERROR(25*(C5-MIN(INDEX($C$3:$C$72,MAX(3,ROW()-59)-3+1):C5))/(MAX(INDEX($C$3:$C$72,MAX(3,ROW()-59)-3+1):C5)-MIN(INDEX($C$3:$C$72,MAX(3,ROW()-59)-3+1):C5)),12.5) -> 0 | K5: =IFERROR(25*(MAX(INDEX($C$3:$C$72,MAX(3,ROW()-59)-3+1):C5)-C5)/(MAX(INDEX($C$3:$C$72,MAX(3,ROW()-59)-3+1):C5)-MIN(INDEX($C$3:$C$72,MAX(3,ROW()-59)-3+1):C5)),12.5) -> 25 | L5: =IFERROR(25*(MAX(INDEX($B$3:$B$72,MAX(3,ROW()-59)-3+1):B5)-B5)/(MAX(INDEX($B$3:$B$72,MAX(3,ROW()-59)-3+1):B5)-MIN(INDEX($B$3:$B$72,MAX(3,ROW()-59)-3+1):B5)),12.5) -> 0 | M5: =IFERROR(I5+K5,"") -> 50 | N5: =IFERROR(L5+J5,"") -> 0 | O5: =IF(AND(ISNUMBER(B5),B5>=100),1,0) -> 1 | P5: =IF(AND(ISNUMBER(B5),ISNUMBER(B4),B5<B4),1,0) -> 0 | Q5: =IF(AND(ISNUMBER(C5),C5>=100),1,0) -> 0 | R5: =IF(AND(ISNUMBER(H5),H5<1.1),1,0) -> 0 | S5: =O5+P5+Q5+R5 -> 1 | T5: =IF(S5=4,"◎売り確定",IF(S5=3,"○警戒","-")) -> - | U5: =IF(AND(ISNUMBER(D4),ISNUMBER(D5),D4>0,D5<=0),"転換","") | V5: =IF(AND(ISNUMBER(H5),H5<1),"転換","") | W5: =IF(T5="◎売り確定",3,IF(T5="○警戒",1,0)) -> 0 | X5: =IF(AND(ISNUMBER(N5),N5>=40),3,IF(AND(ISNUMBER(N5),N5>=32),1,0)) -> 0
A6: =データ!A6 -> 46128 | B6: =IFERROR(IF(データ!B6="","",データ!B6),"") -> 82 | C6: =IFERROR(IF(データ!C6="","",データ!C6),"") -> 28 | D6: =IFERROR(B6-C6,"") -> 54 | E6: =IFERROR((B6-C6)/(B6+C6)*100,"") -> 49.090909 | F6: =IFERROR((B6-B5)/B5,"") -> -0.28695652 | G6: =IFERROR((C6-C5)/C5,"") -> -0.26315789 | H6: =IFERROR(B6/C6,"") -> 2.9285714 | I6: =IFERROR(25*(B6-MIN(INDEX($B$3:$B$72,MAX(3,ROW()-59)-3+1):B6))/(MAX(INDEX($B$3:$B$72,MAX(3,ROW()-59)-3+1):B6)-MIN(INDEX($B$3:$B$72,MAX(3,ROW()-59)-3+1):B6)),12.5) -> 5.3571429 | J6: =IFERROR(25*(C6-MIN(INDEX($C$3:$C$72,MAX(3,ROW()-59)-3+1):C6))/(MAX(INDEX($C$3:$C$72,MAX(3,ROW()-59)-3+1):C6)-MIN(INDEX($C$3:$C$72,MAX(3,ROW()-59)-3+1):C6)),12.5) -> 0 | K6: =IFERROR(25*(MAX(INDEX($C$3:$C$72,MAX(3,ROW()-59)-3+1):C6)-C6)/(MAX(INDEX($C$3:$C$72,MAX(3,ROW()-59)-3+1):C6)-MIN(INDEX($C$3:$C$72,MAX(3,ROW()-59)-3+1):C6)),12.5) -> 25 | L6: =IFERROR(25*(MAX(INDEX($B$3:$B$72,MAX(3,ROW()-59)-3+1):B6)-B6)/(MAX(INDEX($B$3:$B$72,MAX(3,ROW()-59)-3+1):B6)-MIN(INDEX($B$3:$B$72,MAX(3,ROW()-59)-3+1):B6)),12.5) -> 19.642857 | M6: =IFERROR(I6+K6,"") -> 30.357143 | N6: =IFERROR(L6+J6,"") -> 19.642857 | O6: =IF(AND(ISNUMBER(B6),B6>=100),1,0) -> 0 | P6: =IF(AND(ISNUMBER(B6),ISNUMBER(B5),B6<B5),1,0) -> 1 | Q6: =IF(AND(ISNUMBER(C6),C6>=100),1,0) -> 0 | R6: =IF(AND(ISNUMBER(H6),H6<1.1),1,0) -> 0 | S6: =O6+P6+Q6+R6 -> 1 | T6: =IF(S6=4,"◎売り確定",IF(S6=3,"○警戒","-")) -> - | U6: =IF(AND(ISNUMBER(D5),ISNUMBER(D6),D5>0,D6<=0),"転換","") | V6: =IF(AND(ISNUMBER(H6),H6<1),"転換","") | W6: =IF(T6="◎売り確定",3,IF(T6="○警戒",1,0)) -> 0 | X6: =IF(AND(ISNUMBER(N6),N6>=40),3,IF(AND(ISNUMBER(N6),N6>=32),1,0)) -> 0
A7: =データ!A7 -> 46129 | B7: =IFERROR(IF(データ!B7="","",データ!B7),"") -> 55 | C7: =IFERROR(IF(データ!C7="","",データ!C7),"") -> 22 | D7: =IFERROR(B7-C7,"") -> 33 | E7: =IFERROR((B7-C7)/(B7+C7)*100,"") -> 42.857143 | F7: =IFERROR((B7-B6)/B6,"") -> -0.32926829 | G7: =IFERROR((C7-C6)/C6,"") -> -0.21428571 | H7: =IFERROR(B7/C7,"") -> 2.5 | I7: =IFERROR(25*(B7-MIN(INDEX($B$3:$B$72,MAX(3,ROW()-59)-3+1):B7))/(MAX(INDEX($B$3:$B$72,MAX(3,ROW()-59)-3+1):B7)-MIN(INDEX($B$3:$B$72,MAX(3,ROW()-59)-3+1):B7)),12.5) -> 0 | J7: =IFERROR(25*(C7-MIN(INDEX($C$3:$C$72,MAX(3,ROW()-59)-3+1):C7))/(MAX(INDEX($C$3:$C$72,MAX(3,ROW()-59)-3+1):C7)-MIN(INDEX($C$3:$C$72,MAX(3,ROW()-59)-3+1):C7)),12.5) -> 0 | K7: =IFERROR(25*(MAX(INDEX($C$3:$C$72,MAX(3,ROW()-59)-3+1):C7)-C7)/(MAX(INDEX($C$3:$C$72,MAX(3,ROW()-59)-3+1):C7)-MIN(INDEX($C$3:$C$72,MAX(3,ROW()-59)-3+1):C7)),12.5) -> 25 | L7: =IFERROR(25*(MAX(INDEX($B$3:$B$72,MAX(3,ROW()-59)-3+1):B7)-B7)/(MAX(INDEX($B$3:$B$72,MAX(3,ROW()-59)-3+1):B7)-MIN(INDEX($B$3:$B$72,MAX(3,ROW()-59)-3+1):B7)),12.5) -> 25 | M7: =IFERROR(I7+K7,"") -> 25 | N7: =IFERROR(L7+J7,"") -> 25 | O7: =IF(AND(ISNUMBER(B7),B7>=100),1,0) -> 0 | P7: =IF(AND(ISNUMBER(B7),ISNUMBER(B6),B7<B6),1,0) -> 1 | Q7: =IF(AND(ISNUMBER(C7),C7>=100),1,0) -> 0 | R7: =IF(AND(ISNUMBER(H7),H7<1.1),1,0) -> 0 | S7: =O7+P7+Q7+R7 -> 1 | T7: =IF(S7=4,"◎売り確定",IF(S7=3,"○警戒","-")) -> - | U7: =IF(AND(ISNUMBER(D6),ISNUMBER(D7),D6>0,D7<=0),"転換","") | V7: =IF(AND(ISNUMBER(H7),H7<1),"転換","") | W7: =IF(T7="◎売り確定",3,IF(T7="○警戒",1,0)) -> 0 | X7: =IF(AND(ISNUMBER(N7),N7>=40),3,IF(AND(ISNUMBER(N7),N7>=32),1,0)) -> 0
A8: =データ!A8 -> 46132 | B8: =IFERROR(IF(データ!B8="","",データ!B8),"") -> 68 | C8: =IFERROR(IF(データ!C8="","",データ!C8),"") -> 26 | D8: =IFERROR(B8-C8,"") -> 42 | E8: =IFERROR((B8-C8)/(B8+C8)*100,"") -> 44.680851 | F8: =IFERROR((B8-B7)/B7,"") -> 0.23636364 | G8: =IFERROR((C8-C7)/C7,"") -> 0.18181818 | H8: =IFERROR(B8/C8,"") -> 2.6153846 | I8: =IFERROR(25*(B8-MIN(INDEX($B$3:$B$72,MAX(3,ROW()-59)-3+1):B8))/(MAX(INDEX($B$3:$B$72,MAX(3,ROW()-59)-3+1):B8)-MIN(INDEX($B$3:$B$72,MAX(3,ROW()-59)-3+1):B8)),12.5) -> 5.4166667 | J8: =IFERROR(25*(C8-MIN(INDEX($C$3:$C$72,MAX(3,ROW()-59)-3+1):C8))/(MAX(INDEX($C$3:$C$72,MAX(3,ROW()-59)-3+1):C8)-MIN(INDEX($C$3:$C$72,MAX(3,ROW()-59)-3+1):C8)),12.5) -> 3.7037037 | K8: =IFERROR(25*(MAX(INDEX($C$3:$C$72,MAX(3,ROW()-59)-3+1):C8)-C8)/(MAX(INDEX($C$3:$C$72,MAX(3,ROW()-59)-3+1):C8)-MIN(INDEX($C$3:$C$72,MAX(3,ROW()-59)-3+1):C8)),12.5) -> 21.296296 | L8: =IFERROR(25*(MAX(INDEX($B$3:$B$72,MAX(3,ROW()-59)-3+1):B8)-B8)/(MAX(INDEX($B$3:$B$72,MAX(3,ROW()-59)-3+1):B8)-MIN(INDEX($B$3:$B$72,MAX(3,ROW()-59)-3+1):B8)),12.5) -> 19.583333 | M8: =IFERROR(I8+K8,"") -> 26.712963 | N8: =IFERROR(L8+J8,"") -> 23.287037 | O8: =IF(AND(ISNUMBER(B8),B8>=100),1,0) -> 0 | P8: =IF(AND(ISNUMBER(B8),ISNUMBER(B7),B8<B7),1,0) -> 0 | Q8: =IF(AND(ISNUMBER(C8),C8>=100),1,0) -> 0 | R8: =IF(AND(ISNUMBER(H8),H8<1.1),1,0) -> 0 | S8: =O8+P8+Q8+R8 -> 0 | T8: =IF(S8=4,"◎売り確定",IF(S8=3,"○警戒","-")) -> - | U8: =IF(AND(ISNUMBER(D7),ISNUMBER(D8),D7>0,D8<=0),"転換","") | V8: =IF(AND(ISNUMBER(H8),H8<1),"転換","") | W8: =IF(T8="◎売り確定",3,IF(T8="○警戒",1,0)) -> 0 | X8: =IF(AND(ISNUMBER(N8),N8>=40),3,IF(AND(ISNUMBER(N8),N8>=32),1,0)) -> 0
A9: =データ!A9 -> 46133 | B9: =IFERROR(IF(データ!B9="","",データ!B9),"") -> 82 | C9: =IFERROR(IF(データ!C9="","",データ!C9),"") -> 35 | D9: =IFERROR(B9-C9,"") -> 47 | E9: =IFERROR((B9-C9)/(B9+C9)*100,"") -> 40.17094 | F9: =IFERROR((B9-B8)/B8,"") -> 0.20588235 | G9: =IFERROR((C9-C8)/C8,"") -> 0.34615385 | H9: =IFERROR(B9/C9,"") -> 2.3428571 | I9: =IFERROR(25*(B9-MIN(INDEX($B$3:$B$72,MAX(3,ROW()-59)-3+1):B9))/(MAX(INDEX($B$3:$B$72,MAX(3,ROW()-59)-3+1):B9)-MIN(INDEX($B$3:$B$72,MAX(3,ROW()-59)-3+1):B9)),12.5) -> 11.25 | J9: =IFERROR(25*(C9-MIN(INDEX($C$3:$C$72,MAX(3,ROW()-59)-3+1):C9))/(MAX(INDEX($C$3:$C$72,MAX(3,ROW()-59)-3+1):C9)-MIN(INDEX($C$3:$C$72,MAX(3,ROW()-59)-3+1):C9)),12.5) -> 12.037037 | K9: =IFERROR(25*(MAX(INDEX($C$3:$C$72,MAX(3,ROW()-59)-3+1):C9)-C9)/(MAX(INDEX($C$3:$C$72,MAX(3,ROW()-59)-3+1):C9)-MIN(INDEX($C$3:$C$72,MAX(3,ROW()-59)-3+1):C9)),12.5) -> 12.962963 | L9: =IFERROR(25*(MAX(INDEX($B$3:$B$72,MAX(3,ROW()-59)-3+1):B9)-B9)/(MAX(INDEX($B$3:$B$72,MAX(3,ROW()-59)-3+1):B9)-MIN(INDEX($B$3:$B$72,MAX(3,ROW()-59)-3+1):B9)),12.5) -> 13.75 | M9: =IFERROR(I9+K9,"") -> 24.212963 | N9: =IFERROR(L9+J9,"") -> 25.787037 | O9: =IF(AND(ISNUMBER(B9),B9>=100),1,0) -> 0 | P9: =IF(AND(ISNUMBER(B9),ISNUMBER(B8),B9<B8),1,0) -> 0 | Q9: =IF(AND(ISNUMBER(C9),C9>=100),1,0) -> 0 | R9: =IF(AND(ISNUMBER(H9),H9<1.1),1,0) -> 0 | S9: =O9+P9+Q9+R9 -> 0 | T9: =IF(S9=4,"◎売り確定",IF(S9=3,"○警戒","-")) -> - | U9: =IF(AND(ISNUMBER(D8),ISNUMBER(D9),D8>0,D9<=0),"転換","") | V9: =IF(AND(ISNUMBER(H9),H9<1),"転換","") | W9: =IF(T9="◎売り確定",3,IF(T9="○警戒",1,0)) -> 0 | X9: =IF(AND(ISNUMBER(N9),N9>=40),3,IF(AND(ISNUMBER(N9),N9>=32),1,0)) -> 0
A10: =データ!A10 -> 46134 | B10: =IFERROR(IF(データ!B10="","",データ!B10),"") -> 48 | C10: =IFERROR(IF(データ!C10="","",データ!C10),"") -> 51 | D10: =IFERROR(B10-C10,"") -> -3 | E10: =IFERROR((B10-C10)/(B10+C10)*100,"") -> -3.030303 | F10: =IFERROR((B10-B9)/B9,"") -> -0.41463415 | G10: =IFERROR((C10-C9)/C9,"") -> 0.45714286 | H10: =IFERROR(B10/C10,"") -> 0.94117647 | I10: =IFERROR(25*(B10-MIN(INDEX($B$3:$B$72,MAX(3,ROW()-59)-3+1):B10))/(MAX(INDEX($B$3:$B$72,MAX(3,ROW()-59)-3+1):B10)-MIN(INDEX($B$3:$B$72,MAX(3,ROW()-59)-3+1):B10)),12.5) -> 0 | J10: =IFERROR(25*(C10-MIN(INDEX($C$3:$C$72,MAX(3,ROW()-59)-3+1):C10))/(MAX(INDEX($C$3:$C$72,MAX(3,ROW()-59)-3+1):C10)-MIN(INDEX($C$3:$C$72,MAX(3,ROW()-59)-3+1):C10)),12.5) -> 25 | K10: =IFERROR(25*(MAX(INDEX($C$3:$C$72,MAX(3,ROW()-59)-3+1):C10)-C10)/(MAX(INDEX($C$3:$C$72,MAX(3,ROW()-59)-3+1):C10)-MIN(INDEX($C$3:$C$72,MAX(3,ROW()-59)-3+1):C10)),12.5) -> 0 | L10: =IFERROR(25*(MAX(INDEX($B$3:$B$72,MAX(3,ROW()-59)-3+1):B10)-B10)/(MAX(INDEX($B$3:$B$72,MAX(3,ROW()-59)-3+1):B10)-MIN(INDEX($B$3:$B$72,MAX(3,ROW()-59)-3+1):B10)),12.5) -> 25 | M10: =IFERROR(I10+K10,"") -> 0 | N10: =IFERROR(L10+J10,"") -> 50 | O10: =IF(AND(ISNUMBER(B10),B10>=100),1,0) -> 0 | P10: =IF(AND(ISNUMBER(B10),ISNUMBER(B9),B10<B9),1,0) -> 1 | Q10: =IF(AND(ISNUMBER(C10),C10>=100),1,0) -> 0 | R10: =IF(AND(ISNUMBER(H10),H10<1.1),1,0) -> 1 | S10: =O10+P10+Q10+R10 -> 2 | T10: =IF(S10=4,"◎売り確定",IF(S10=3,"○警戒","-")) -> - | U10: =IF(AND(ISNUMBER(D9),ISNUMBER(D10),D9>0,D10<=0),"転換","") -> 転換 | V10: =IF(AND(ISNUMBER(H10),H10<1),"転換","") -> 転換 | W10: =IF(T10="◎売り確定",3,IF(T10="○警戒",1,0)) -> 0 | X10: =IF(AND(ISNUMBER(N10),N10>=40),3,IF(AND(ISNUMBER(N10),N10>=32),1,0)) -> 3
A11: =データ!A11 -> 46135 | B11: =IFERROR(IF(データ!B11="","",データ!B11),"") -> 39 | C11: =IFERROR(IF(データ!C11="","",データ!C11),"") -> 125 | D11: =IFERROR(B11-C11,"") -> -86 | E11: =IFERROR((B11-C11)/(B11+C11)*100,"") -> -52.439024 | F11: =IFERROR((B11-B10)/B10,"") -> -0.1875 | G11: =IFERROR((C11-C10)/C10,"") -> 1.4509804 | H11: =IFERROR(B11/C11,"") -> 0.312 | I11: =IFERROR(25*(B11-MIN(INDEX($B$3:$B$72,MAX(3,ROW()-59)-3+1):B11))/(MAX(INDEX($B$3:$B$72,MAX(3,ROW()-59)-3+1):B11)-MIN(INDEX($B$3:$B$72,MAX(3,ROW()-59)-3+1):B11)),12.5) -> 0 | J11: =IFERROR(25*(C11-MIN(INDEX($C$3:$C$72,MAX(3,ROW()-59)-3+1):C11))/(MAX(INDEX($C$3:$C$72,MAX(3,ROW()-59)-3+1):C11)-MIN(INDEX($C$3:$C$72,MAX(3,ROW()-59)-3+1):C11)),12.5) -> 25 | K11: =IFERROR(25*(MAX(INDEX($C$3:$C$72,MAX(3,ROW()-59)-3+1):C11)-C11)/(MAX(INDEX($C$3:$C$72,MAX(3,ROW()-59)-3+1):C11)-MIN(INDEX($C$3:$C$72,MAX(3,ROW()-59)-3+1):C11)),12.5) -> 0 | L11: =IFERROR(25*(MAX(INDEX($B$3:$B$72,MAX(3,ROW()-59)-3+1):B11)-B11)/(MAX(INDEX($B$3:$B$72,MAX(3,ROW()-59)-3+1):B11)-MIN(INDEX($B$3:$B$72,MAX(3,ROW()-59)-3+1):B11)),12.5) -> 25 | M11: =IFERROR(I11+K11,"") -> 0 | N11: =IFERROR(L11+J11,"") -> 50 | O11: =IF(AND(ISNUMBER(B11),B11>=100),1,0) -> 0 | P11: =IF(AND(ISNUMBER(B11),ISNUMBER(B10),B11<B10),1,0) -> 1 | Q11: =IF(AND(ISNUMBER(C11),C11>=100),1,0) -> 1 | R11: =IF(AND(ISNUMBER(H11),H11<1.1),1,0) -> 1 | S11: =O11+P11+Q11+R11 -> 3 | T11: =IF(S11=4,"◎売り確定",IF(S11=3,"○警戒","-")) -> ○警戒 | U11: =IF(AND(ISNUMBER(D10),ISNUMBER(D11),D10>0,D11<=0),"転換","") | V11: =IF(AND(ISNUMBER(H11),H11<1),"転換","") -> 転換 | W11: =IF(T11="◎売り確定",3,IF(T11="○警戒",1,0)) -> 1 | X11: =IF(AND(ISNUMBER(N11),N11>=40),3,IF(AND(ISNUMBER(N11),N11>=32),1,0)) -> 3
A12: =データ!A12 -> 46136 | B12: =IFERROR(IF(データ!B12="","",データ!B12),"") -> 47 | C12: =IFERROR(IF(データ!C12="","",データ!C12),"") -> 120 | D12: =IFERROR(B12-C12,"") -> -73 | E12: =IFERROR((B12-C12)/(B12+C12)*100,"") -> -43.712575 | F12: =IFERROR((B12-B11)/B11,"") -> 0.20512821 | G12: =IFERROR((C12-C11)/C11,"") -> -0.04 | H12: =IFERROR(B12/C12,"") -> 0.39166667 | I12: =IFERROR(25*(B12-MIN(INDEX($B$3:$B$72,MAX(3,ROW()-59)-3+1):B12))/(MAX(INDEX($B$3:$B$72,MAX(3,ROW()-59)-3+1):B12)-MIN(INDEX($B$3:$B$72,MAX(3,ROW()-59)-3+1):B12)),12.5) -> 2.6315789 | J12: =IFERROR(25*(C12-MIN(INDEX($C$3:$C$72,MAX(3,ROW()-59)-3+1):C12))/(MAX(INDEX($C$3:$C$72,MAX(3,ROW()-59)-3+1):C12)-MIN(INDEX($C$3:$C$72,MAX(3,ROW()-59)-3+1):C12)),12.5) -> 23.786408 | K12: =IFERROR(25*(MAX(INDEX($C$3:$C$72,MAX(3,ROW()-59)-3+1):C12)-C12)/(MAX(INDEX($C$3:$C$72,MAX(3,ROW()-59)-3+1):C12)-MIN(INDEX($C$3:$C$72,MAX(3,ROW()-59)-3+1):C12)),12.5) -> 1.2135922 | L12: =IFERROR(25*(MAX(INDEX($B$3:$B$72,MAX(3,ROW()-59)-3+1):B12)-B12)/(MAX(INDEX($B$3:$B$72,MAX(3,ROW()-59)-3+1):B12)-MIN(INDEX($B$3:$B$72,MAX(3,ROW()-59)-3+1):B12)),12.5) -> 22.368421 | M12: =IFERROR(I12+K12,"") -> 3.8451712 | N12: =IFERROR(L12+J12,"") -> 46.154829 | O12: =IF(AND(ISNUMBER(B12),B12>=100),1,0) -> 0 | P12: =IF(AND(ISNUMBER(B12),ISNUMBER(B11),B12<B11),1,0) -> 0 | Q12: =IF(AND(ISNUMBER(C12),C12>=100),1,0) -> 1 | R12: =IF(AND(ISNUMBER(H12),H12<1.1),1,0) -> 1 | S12: =O12+P12+Q12+R12 -> 2 | T12: =IF(S12=4,"◎売り確定",IF(S12=3,"○警戒","-")) -> - | U12: =IF(AND(ISNUMBER(D11),ISNUMBER(D12),D11>0,D12<=0),"転換","") | V12: =IF(AND(ISNUMBER(H12),H12<1),"転換","") -> 転換 | W12: =IF(T12="◎売り確定",3,IF(T12="○警戒",1,0)) -> 0 | X12: =IF(AND(ISNUMBER(N12),N12>=40),3,IF(AND(ISNUMBER(N12),N12>=32),1,0)) -> 3
A13: =データ!A13 -> 46139 | B13: =IFERROR(IF(データ!B13="","",データ!B13),"") -> 60 | C13: =IFERROR(IF(データ!C13="","",データ!C13),"") -> 144 | D13: =IFERROR(B13-C13,"") -> -84 | E13: =IFERROR((B13-C13)/(B13+C13)*100,"") -> -41.176471 | F13: =IFERROR((B13-B12)/B12,"") -> 0.27659574 | G13: =IFERROR((C13-C12)/C12,"") -> 0.2 | H13: =IFERROR(B13/C13,"") -> 0.41666667 | I13: =IFERROR(25*(B13-MIN(INDEX($B$3:$B$72,MAX(3,ROW()-59)-3+1):B13))/(MAX(INDEX($B$3:$B$72,MAX(3,ROW()-59)-3+1):B13)-MIN(INDEX($B$3:$B$72,MAX(3,ROW()-59)-3+1):B13)),12.5) -> 6.9078947 | J13: =IFERROR(25*(C13-MIN(INDEX($C$3:$C$72,MAX(3,ROW()-59)-3+1):C13))/(MAX(INDEX($C$3:$C$72,MAX(3,ROW()-59)-3+1):C13)-MIN(INDEX($C$3:$C$72,MAX(3,ROW()-59)-3+1):C13)),12.5) -> 25 | K13: =IFERROR(25*(MAX(INDEX($C$3:$C$72,MAX(3,ROW()-59)-3+1):C13)-C13)/(MAX(INDEX($C$3:$C$72,MAX(3,ROW()-59)-3+1):C13)-MIN(INDEX($C$3:$C$72,MAX(3,ROW()-59)-3+1):C13)),12.5) -> 0 | L13: =IFERROR(25*(MAX(INDEX($B$3:$B$72,MAX(3,ROW()-59)-3+1):B13)-B13)/(MAX(INDEX($B$3:$B$72,MAX(3,ROW()-59)-3+1):B13)-MIN(INDEX($B$3:$B$72,MAX(3,ROW()-59)-3+1):B13)),12.5) -> 18.092105 | M13: =IFERROR(I13+K13,"") -> 6.9078947 | N13: =IFERROR(L13+J13,"") -> 43.092105 | O13: =IF(AND(ISNUMBER(B13),B13>=100),1,0) -> 0 | P13: =IF(AND(ISNUMBER(B13),ISNUMBER(B12),B13<B12),1,0) -> 0 | Q13: =IF(AND(ISNUMBER(C13),C13>=100),1,0) -> 1 | R13: =IF(AND(ISNUMBER(H13),H13<1.1),1,0) -> 1 | S13: =O13+P13+Q13+R13 -> 2 | T13: =IF(S13=4,"◎売り確定",IF(S13=3,"○警戒","-")) -> - | U13: =IF(AND(ISNUMBER(D12),ISNUMBER(D13),D12>0,D13<=0),"転換","") | V13: =IF(AND(ISNUMBER(H13),H13<1),"転換","") -> 転換 | W13: =IF(T13="◎売り確定",3,IF(T13="○警戒",1,0)) -> 0 | X13: =IF(AND(ISNUMBER(N13),N13>=40),3,IF(AND(ISNUMBER(N13),N13>=32),1,0)) -> 3
A14: =データ!A14 -> 46140 | B14: =IFERROR(IF(データ!B14="","",データ!B14),"") -> 58 | C14: =IFERROR(IF(データ!C14="","",データ!C14),"") -> 91 | D14: =IFERROR(B14-C14,"") -> -33 | E14: =IFERROR((B14-C14)/(B14+C14)*100,"") -> -22.147651 | F14: =IFERROR((B14-B13)/B13,"") -> -0.033333333 | G14: =IFERROR((C14-C13)/C13,"") -> -0.36805556 | H14: =IFERROR(B14/C14,"") -> 0.63736264 | I14: =IFERROR(25*(B14-MIN(INDEX($B$3:$B$72,MAX(3,ROW()-59)-3+1):B14))/(MAX(INDEX($B$3:$B$72,MAX(3,ROW()-59)-3+1):B14)-MIN(INDEX($B$3:$B$72,MAX(3,ROW()-59)-3+1):B14)),12.5) -> 6.25 | J14: =IFERROR(25*(C14-MIN(INDEX($C$3:$C$72,MAX(3,ROW()-59)-3+1):C14))/(MAX(INDEX($C$3:$C$72,MAX(3,ROW()-59)-3+1):C14)-MIN(INDEX($C$3:$C$72,MAX(3,ROW()-59)-3+1):C14)),12.5) -> 14.139344 | K14: =IFERROR(25*(MAX(INDEX($C$3:$C$72,MAX(3,ROW()-59)-3+1):C14)-C14)/(MAX(INDEX($C$3:$C$72,MAX(3,ROW()-59)-3+1):C14)-MIN(INDEX($C$3:$C$72,MAX(3,ROW()-59)-3+1):C14)),12.5) -> 10.860656 | L14: =IFERROR(25*(MAX(INDEX($B$3:$B$72,MAX(3,ROW()-59)-3+1):B14)-B14)/(MAX(INDEX($B$3:$B$72,MAX(3,ROW()-59)-3+1):B14)-MIN(INDEX($B$3:$B$72,MAX(3,ROW()-59)-3+1):B14)),12.5) -> 18.75 | M14: =IFERROR(I14+K14,"") -> 17.110656 | N14: =IFERROR(L14+J14,"") -> 32.889344 | O14: =IF(AND(ISNUMBER(B14),B14>=100),1,0) -> 0 | P14: =IF(AND(ISNUMBER(B14),ISNUMBER(B13),B14<B13),1,0) -> 1 | Q14: =IF(AND(ISNUMBER(C14),C14>=100),1,0) -> 0 | R14: =IF(AND(ISNUMBER(H14),H14<1.1),1,0) -> 1 | S14: =O14+P14+Q14+R14 -> 2 | T14: =IF(S14=4,"◎売り確定",IF(S14=3,"○警戒","-")) -> - | U14: =IF(AND(ISNUMBER(D13),ISNUMBER(D14),D13>0,D14<=0),"転換","") | V14: =IF(AND(ISNUMBER(H14),H14<1),"転換","") -> 転換 | W14: =IF(T14="◎売り確定",3,IF(T14="○警戒",1,0)) -> 0 | X14: =IF(AND(ISNUMBER(N14),N14>=40),3,IF(AND(ISNUMBER(N14),N14>=32),1,0)) -> 1
A15: =データ!A15 -> 46141 | B15: =IFERROR(IF(データ!B15="","",データ!B15),"") | C15: =IFERROR(IF(データ!C15="","",データ!C15),"") | D15: =IFERROR(B15-C15,"") | E15: =IFERROR((B15-C15)/(B15+C15)*100,"") | F15: =IFERROR((B15-B14)/B14,"") | G15: =IFERROR((C15-C14)/C14,"") | H15: =IFERROR(B15/C15,"") | I15: =IFERROR(25*(B15-MIN(INDEX($B$3:$B$72,MAX(3,ROW()-59)-3+1):B15))/(MAX(INDEX($B$3:$B$72,MAX(3,ROW()-59)-3+1):B15)-MIN(INDEX($B$3:$B$72,MAX(3,ROW()-59)-3+1):B15)),12.5) -> 12.5 | J15: =IFERROR(25*(C15-MIN(INDEX($C$3:$C$72,MAX(3,ROW()-59)-3+1):C15))/(MAX(INDEX($C$3:$C$72,MAX(3,ROW()-59)-3+1):C15)-MIN(INDEX($C$3:$C$72,MAX(3,ROW()-59)-3+1):C15)),12.5) -> 12.5 | K15: =IFERROR(25*(MAX(INDEX($C$3:$C$72,MAX(3,ROW()-59)-3+1):C15)-C15)/(MAX(INDEX($C$3:$C$72,MAX(3,ROW()-59)-3+1):C15)-MIN(INDEX($C$3:$C$72,MAX(3,ROW()-59)-3+1):C15)),12.5) -> 12.5 | L15: =IFERROR(25*(MAX(INDEX($B$3:$B$72,MAX(3,ROW()-59)-3+1):B15)-B15)/(MAX(INDEX($B$3:$B$72,MAX(3,ROW()-59)-3+1):B15)-MIN(INDEX($B$3:$B$72,MAX(3,ROW()-59)-3+1):B15)),12.5) -> 12.5 | M15: =IFERROR(I15+K15,"") -> 25 | N15: =IFERROR(L15+J15,"") -> 25 | O15: =IF(AND(ISNUMBER(B15),B15>=100),1,0) -> 0 | P15: =IF(AND(ISNUMBER(B15),ISNUMBER(B14),B15<B14),1,0) -> 0 | Q15: =IF(AND(ISNUMBER(C15),C15>=100),1,0) -> 0 | R15: =IF(AND(ISNUMBER(H15),H15<1.1),1,0) -> 0 | S15: =O15+P15+Q15+R15 -> 0 | T15: =IF(S15=4,"◎売り確定",IF(S15=3,"○警戒","-")) -> - | U15: =IF(AND(ISNUMBER(D14),ISNUMBER(D15),D14>0,D15<=0),"転換","") | V15: =IF(AND(ISNUMBER(H15),H15<1),"転換","") | W15: =IF(T15="◎売り確定",3,IF(T15="○警戒",1,0)) -> 0 | X15: =IF(AND(ISNUMBER(N15),N15>=40),3,IF(AND(ISNUMBER(N15),N15>=32),1,0)) -> 0
... A72: =データ!A72 -> 46220 | B72: =IFERROR(IF(データ!B72="","",データ!B72),"") -> 40 | C72: =IFERROR(IF(データ!C72="","",データ!C72),"") -> 43 | D72: =IFERROR(B72-C72,"") -> -3 | E72: =IFERROR((B72-C72)/(B72+C72)*100,"") -> -3.6144578 | F72: =IFERROR((B72-B71)/B71,"") -> -0.48051948 | G72: =IFERROR((C72-C71)/C71,"") -> 3.3 | H72: =IFERROR(B72/C72,"") -> 0.93023256 | I72: =IFERROR(25*(B72-MIN(INDEX($B$3:$B$72,MAX(3,ROW()-59)-3+1):B72))/(MAX(INDEX($B$3:$B$72,MAX(3,ROW()-59)-3+1):B72)-MIN(INDEX($B$3:$B$72,MAX(3,ROW()-59)-3+1):B72)),12.5) -> 2.5568182 | J72: =IFERROR(25*(C72-MIN(INDEX($C$3:$C$72,MAX(3,ROW()-59)-3+1):C72))/(MAX(INDEX($C$3:$C$72,MAX(3,ROW()-59)-3+1):C72)-MIN(INDEX($C$3:$C$72,MAX(3,ROW()-59)-3+1):C72)),12.5) -> 2.8592375 | K72: =IFERROR(25*(MAX(INDEX($C$3:$C$72,MAX(3,ROW()-59)-3+1):C72)-C72)/(MAX(INDEX($C$3:$C$72,MAX(3,ROW()-59)-3+1):C72)-MIN(INDEX($C$3:$C$72,MAX(3,ROW()-59)-3+1):C72)),12.5) -> 22.140762 | L72: =IFERROR(25*(MAX(INDEX($B$3:$B$72,MAX(3,ROW()-59)-3+1):B72)-B72)/(MAX(INDEX($B$3:$B$72,MAX(3,ROW()-59)-3+1):B72)-MIN(INDEX($B$3:$B$72,MAX(3,ROW()-59)-3+1):B72)),12.5) -> 22.443182 | M72: =IFERROR(I72+K72,"") -> 24.697581 | N72: =IFERROR(L72+J72,"") -> 25.302419 | O72: =IF(AND(ISNUMBER(B72),B72>=100),1,0) -> 0 | P72: =IF(AND(ISNUMBER(B72),ISNUMBER(B71),B72<B71),1,0) -> 1 | Q72: =IF(AND(ISNUMBER(C72),C72>=100),1,0) -> 0 | R72: =IF(AND(ISNUMBER(H72),H72<1.1),1,0) -> 1 | S72: =O72+P72+Q72+R72 -> 2 | T72: =IF(S72=4,"◎売り確定",IF(S72=3,"○警戒","-")) -> - | U72: =IF(AND(ISNUMBER(D71),ISNUMBER(D72),D71>0,D72<=0),"転換","") -> 転換 | V72: =IF(AND(ISNUMBER(H72),H72<1),"転換","") -> 転換 | W72: =IF(T72="◎売り確定",3,IF(T72="○警戒",1,0)) -> 0 | X72: =IF(AND(ISNUMBER(N72),N72>=40),3,IF(AND(ISNUMBER(N72),N72>=32),1,0)) -> 0

Sheet バックテスト
A1: バックテスト（売り転換シグナル: 判定=◎売り確定で翌営業日始値に空売りエントリー、5営業日後終値で決済）
A2: ※ サンプル数が少ないため（Heat/Breadthデータは2026/4/13〜2026/7/17の約66営業日分のみ）、本結果は統計的に信頼できるものではありません。データが蓄積してから再検証してください。
A3: =HB分析!A3 -> 46125 | B3: =HB分析!T3 -> - | C3: =IF(B3="◎売り確定",IFERROR(データ!D4,""),"") | D3: =IF(B3="◎売り確定",IFERROR(データ!G8,""),"") | E3: =IF(AND(ISNUMBER(C3),ISNUMBER(D3)),C3-D3,"") | F3: =SUM($E$3:E3) -> 0 | G3: =MAX($F$3:F3) -> 0 | H3: =F3-G3 -> 0
A4: =HB分析!A4 -> 46126 | B4: =HB分析!T4 -> - | C4: =IF(B4="◎売り確定",IFERROR(データ!D5,""),"") | D4: =IF(B4="◎売り確定",IFERROR(データ!G9,""),"") | E4: =IF(AND(ISNUMBER(C4),ISNUMBER(D4)),C4-D4,"") | F4: =SUM($E$3:E4) -> 0 | G4: =MAX($F$3:F4) -> 0 | H4: =F4-G4 -> 0
A5: =HB分析!A5 -> 46127 | B5: =HB分析!T5 -> - | C5: =IF(B5="◎売り確定",IFERROR(データ!D6,""),"") | D5: =IF(B5="◎売り確定",IFERROR(データ!G10,""),"") | E5: =IF(AND(ISNUMBER(C5),ISNUMBER(D5)),C5-D5,"") | F5: =SUM($E$3:E5) -> 0 | G5: =MAX($F$3:F5) -> 0 | H5: =F5-G5 -> 0
A6: =HB分析!A6 -> 46128 | B6: =HB分析!T6 -> - | C6: =IF(B6="◎売り確定",IFERROR(データ!D7,""),"") | D6: =IF(B6="◎売り確定",IFERROR(データ!G11,""),"") | E6: =IF(AND(ISNUMBER(C6),ISNUMBER(D6)),C6-D6,"") | F6: =SUM($E$3:E6) -> 0 | G6: =MAX($F$3:F6) -> 0 | H6: =F6-G6 -> 0
A7: =HB分析!A7 -> 46129 | B7: =HB分析!T7 -> - | C7: =IF(B7="◎売り確定",IFERROR(データ!D8,""),"") | D7: =IF(B7="◎売り確定",IFERROR(データ!G12,""),"") | E7: =IF(AND(ISNUMBER(C7),ISNUMBER(D7)),C7-D7,"") | F7: =SUM($E$3:E7) -> 0 | G7: =MAX($F$3:F7) -> 0 | H7: =F7-G7 -> 0
A8: =HB分析!A8 -> 46132 | B8: =HB分析!T8 -> - | C8: =IF(B8="◎売り確定",IFERROR(データ!D9,""),"") | D8: =IF(B8="◎売り確定",IFERROR(データ!G13,""),"") | E8: =IF(AND(ISNUMBER(C8),ISNUMBER(D8)),C8-D8,"") | F8: =SUM($E$3:E8) -> 0 | G8: =MAX($F$3:F8) -> 0 | H8: =F8-G8 -> 0
A9: =HB分析!A9 -> 46133 | B9: =HB分析!T9 -> - | C9: =IF(B9="◎売り確定",IFERROR(データ!D10,""),"") | D9: =IF(B9="◎売り確定",IFERROR(データ!G14,""),"") | E9: =IF(AND(ISNUMBER(C9),ISNUMBER(D9)),C9-D9,"") | F9: =SUM($E$3:E9) -> 0 | G9: =MAX($F$3:F9) -> 0 | H9: =F9-G9 -> 0
A10: =HB分析!A10 -> 46134 | B10: =HB分析!T10 -> - | C10: =IF(B10="◎売り確定",IFERROR(データ!D11,""),"") | D10: =IF(B10="◎売り確定",IFERROR(データ!G15,""),"") | E10: =IF(AND(ISNUMBER(C10),ISNUMBER(D10)),C10-D10,"") | F10: =SUM($E$3:E10) -> 0 | G10: =MAX($F$3:F10) -> 0 | H10: =F10-G10 -> 0
A11: =HB分析!A11 -> 46135 | B11: =HB分析!T11 -> ○警戒 | C11: =IF(B11="◎売り確定",IFERROR(データ!D12,""),"") | D11: =IF(B11="◎売り確定",IFERROR(データ!G16,""),"") | E11: =IF(AND(ISNUMBER(C11),ISNUMBER(D11)),C11-D11,"") | F11: =SUM($E$3:E11) -> 0 | G11: =MAX($F$3:F11) -> 0 | H11: =F11-G11 -> 0
A12: =HB分析!A12 -> 46136 | B12: =HB分析!T12 -> - | C12: =IF(B12="◎売り確定",IFERROR(データ!D13,""),"") | D12: =IF(B12="◎売り確定",IFERROR(データ!G17,""),"") | E12: =IF(AND(ISNUMBER(C12),ISNUMBER(D12)),C12-D12,"") | F12: =SUM($E$3:E12) -> 0 | G12: =MAX($F$3:F12) -> 0 | H12: =F12-G12 -> 0
A13: =HB分析!A13 -> 46139 | B13: =HB分析!T13 -> - | C13: =IF(B13="◎売り確定",IFERROR(データ!D14,""),"") | D13: =IF(B13="◎売り確定",IFERROR(データ!G18,""),"") | E13: =IF(AND(ISNUMBER(C13),ISNUMBER(D13)),C13-D13,"") | F13: =SUM($E$3:E13) -> 0 | G13: =MAX($F$3:F13) -> 0 | H13: =F13-G13 -> 0
A14: =HB分析!A14 -> 46140 | B14: =HB分析!T14 -> - | C14: =IF(B14="◎売り確定",IFERROR(データ!D15,""),"") | D14: =IF(B14="◎売り確定",IFERROR(データ!G19,""),"") | E14: =IF(AND(ISNUMBER(C14),ISNUMBER(D14)),C14-D14,"") | F14: =SUM($E$3:E14) -> 0 | G14: =MAX($F$3:F14) -> 0 | H14: =F14-G14 -> 0
... A67: =HB分析!A67 -> 46213 | B67: =HB分析!T67 -> - | C67: =IF(B67="◎売り確定",IFERROR(データ!D68,""),"") | D67: =IF(B67="◎売り確定",IFERROR(データ!G72,""),"") | E67: =IF(AND(ISNUMBER(C67),ISNUMBER(D67)),C67-D67,"") | F67: =SUM($E$3:E67) -> 210 | G67: =MAX($F$3:F67) -> 210 | H67: =F67-G67 -> 0
A68: =HB分析!A68 -> 46216 | B68: =HB分析!T68 -> - | C68: =IF(B68="◎売り確定",IFERROR(データ!D69,""),"") | E68: =IF(AND(ISNUMBER(C68),ISNUMBER(D68)),C68-D68,"") | F68: =SUM($E$3:E68) -> 210 | G68: =MAX($F$3:F68) -> 210 | H68: =F68-G68 -> 0
A69: =HB分析!A69 -> 46217 | B69: =HB分析!T69 -> - | C69: =IF(B69="◎売り確定",IFERROR(データ!D70,""),"") | E69: =IF(AND(ISNUMBER(C69),ISNUMBER(D69)),C69-D69,"") | F69: =SUM($E$3:E69) -> 210 | G69: =MAX($F$3:F69) -> 210 | H69: =F69-G69 -> 0
A70: =HB分析!A70 -> 46218 | B70: =HB分析!T70 -> - | C70: =IF(B70="◎売り確定",IFERROR(データ!D71,""),"") | E70: =IF(AND(ISNUMBER(C70),ISNUMBER(D70)),C70-D70,"") | F70: =SUM($E$3:E70) -> 210 | G70: =MAX($F$3:F70) -> 210 | H70: =F70-G70 -> 0
A71: =HB分析!A71 -> 46219 | B71: =HB分析!T71 -> - | C71: =IF(B71="◎売り確定",IFERROR(データ!D72,""),"") | E71: =IF(AND(ISNUMBER(C71),ISNUMBER(D71)),C71-D71,"") | F71: =SUM($E$3:E71) -> 210 | G71: =MAX($F$3:F71) -> 210 | H71: =F71-G71 -> 0
A72: =HB分析!A72 -> 46220 | B72: =HB分析!T72 -> - | E72: =IF(AND(ISNUMBER(C72),ISNUMBER(D72)),C72-D72,"") | F72: =SUM($E$3:E72) -> 210 | G72: =MAX($F$3:F72) -> 210 | H72: =F72-G72 -> 0
A74: サマリー
A75: 総トレード数 | B75: =COUNT(E3:E72) -> 5
A76: 勝ちトレード数 | B76: =COUNTIF(E3:E72,">0") -> 2
A77: 勝率 | B77: =IFERROR(B76/B75,"") -> 0.4
A78: 総利益(pt) | B78: =SUMIF(E3:E72,">0") -> 6460
A79: 総損失(pt) | B79: =SUMIF(E3:E72,"<0") -> -6250
A80: プロフィットファクター | B80: =IFERROR(B78/ABS(B79),"") -> 1.0336
A81: 最終累積損益(pt) | B81: =F72 -> 210
A82: 最大ドローダウン(pt) | B82: =MIN(H3:H72) -> -6250

Sheet グラフ
A1: グラフ（Heat/Breadth・Top/Bottom Score・損益曲線）
